銷售分類,銷售商品名稱,販售規格,禮盒／組合判定,建議組成類型,銷售商品SKU_正式,組成項次,對應內包裝成品SKU,對應內包裝成品名稱,每1單位銷售商品需用內包裝數量,內包裝扣帳單位,是否需要外包裝組裝,外包裝材料SKU,外包裝材料名稱,外包裝材料數量,外包裝扣帳單位,備註,對應內包裝成品SKU_建議,對應內包裝成品名稱_建議,內包裝單位1_建議,內包裝單位2_建議
加購品,提袋加購,單入提袋,否,no_inner_stage,O00001,1,,,,,是,PK0014,手提夾鏈袋,1,個,正式加購品；僅扣 PK0014 手提夾鏈袋,,,,
夏威夷豆塔,豆塔-蔓越莓,10入袋裝,否,direct_from_inner,A10010,1,A1,豆塔-蔓越莓,10,個,是,PK0014,手提夾鏈袋,1,個,,A1,豆塔-蔓越莓,個,
夏威夷豆塔,豆塔-蔓越莓,單顆,否,direct_from_inner,A10001,1,A1,豆塔-蔓越莓,1,個,否,,,,,,A1,豆塔-蔓越莓,個,
夏威夷豆塔,豆塔-焦糖,10入袋裝,否,direct_from_inner,A20010,1,A2,豆塔-焦糖,10,個,是,PK0014,手提夾鏈袋,1,個,,A2,豆塔-焦糖,個,
夏威夷豆塔,豆塔-焦糖,單顆,否,direct_from_inner,A20001,1,A2,豆塔-焦糖,1,個,否,,,,,,A2,豆塔-焦糖,個,
夏威夷豆塔,豆塔-巧克力,10入袋裝,否,direct_from_inner,A30010,1,A3,豆塔-巧克力,10,個,是,PK0014,手提夾鏈袋,1,個,,A3,豆塔-巧克力,個,
夏威夷豆塔,豆塔-巧克力,單顆,否,direct_from_inner,A30001,1,A3,豆塔-巧克力,1,個,否,,,,,,A3,豆塔-巧克力,個,
夏威夷豆塔,豆塔-抹茶,10入袋裝,否,direct_from_inner,A40010,1,A4,豆塔-抹茶,10,個,是,PK0014,手提夾鏈袋,1,個,,A4,豆塔-抹茶,個,
夏威夷豆塔,豆塔-抹茶,單顆,否,direct_from_inner,A40001,1,A4,豆塔-抹茶,1,個,否,,,,,,A4,豆塔-抹茶,個,
夏威夷豆塔,豆塔-椒麻,10入袋裝,否,direct_from_inner,A50010,1,A5,豆塔-椒麻,10,個,是,PK0014,手提夾鏈袋,1,個,,A5,豆塔-椒麻,個,
夏威夷豆塔,豆塔-椒麻,單顆,否,direct_from_inner,A50001,1,A5,豆塔-椒麻,1,個,否,,,,,,A5,豆塔-椒麻,個,
堅果塔,堅果塔-蜂蜜,10入袋裝,否,direct_from_inner,B10010,1,B1,堅果塔-蜂蜜,10,個,是,PK0014,手提夾鏈袋,1,個,,B1,堅果塔-蜂蜜,個,
堅果塔,堅果塔-蜂蜜,單顆,否,direct_from_inner,B10001,1,B1,堅果塔-蜂蜜,1,個,否,,,,,,B1,堅果塔-蜂蜜,個,
堅果塔,堅果塔-焦糖,10入袋裝,否,direct_from_inner,B20010,1,B2,堅果塔-焦糖,10,個,是,PK0014,手提夾鏈袋,1,個,,B2,堅果塔-焦糖,個,
堅果塔,堅果塔-焦糖,單顆,否,direct_from_inner,B20001,1,B2,堅果塔-焦糖,1,個,否,,,,,,B2,堅果塔-焦糖,個,
堅果塔,堅果塔-巧克力,10入袋裝,否,direct_from_inner,B30010,1,B3,堅果塔-巧克力,10,個,是,PK0014,手提夾鏈袋,1,個,,B3,堅果塔-巧克力,個,
堅果塔,堅果塔-巧克力,單顆,否,direct_from_inner,B30001,1,B3,堅果塔-巧克力,1,個,否,,,,,,B3,堅果塔-巧克力,個,
堅果塔,堅果塔-海苔,10入袋裝,否,direct_from_inner,B40010,1,B4,堅果塔-海苔,10,個,是,PK0014,手提夾鏈袋,1,個,,B4,堅果塔-海苔,個,
堅果塔,堅果塔-海苔,單顆,否,direct_from_inner,B40001,1,B4,堅果塔-海苔,1,個,否,,,,,,B4,堅果塔-海苔,個,
堅果塔,堅果塔-咖哩,10入袋裝,否,direct_from_inner,B50010,1,B5,堅果塔-咖哩,10,個,是,PK0014,手提夾鏈袋,1,個,,B5,堅果塔-咖哩,個,
堅果塔,堅果塔-咖哩,單顆,否,direct_from_inner,B50001,1,B5,堅果塔-咖哩,1,個,否,,,,,,B5,堅果塔-咖哩,個,
鳳梨酥,土鳳梨酥(紅點),8入袋裝,否,direct_from_inner,P10008,1,P1,土鳳梨酥(紅點),8,個,是,PK0014,手提夾鏈袋,1,個,,P1,土鳳梨酥(紅點),個,
鳳梨酥,土鳳梨酥(紅點),12入袋裝,否,direct_from_inner,P10012,1,P1,土鳳梨酥(紅點),12,個,是,PK0014,手提夾鏈袋,1,個,,P1,土鳳梨酥(紅點),個,
鳳梨酥,鳳凰酥,8入袋裝,否,direct_from_inner,P20008,1,P2,鳳凰酥,8,個,是,PK0014,手提夾鏈袋,1,個,,P2,鳳凰酥,個,
鳳梨酥,鳳凰酥,12入袋裝,否,direct_from_inner,P20012,1,P2,鳳凰酥,12,個,是,PK0014,手提夾鏈袋,1,個,,P2,鳳凰酥,個,
塔類-綜合,豆塔-綜合,10入袋裝,組合／綜合,bundle,AB0001,1,A1,豆塔-蔓越莓,2,個,是,,,,,,,,,
塔類-綜合,豆塔-綜合,10入袋裝,組合／綜合,bundle,AB0001,2,A2,豆塔-焦糖,2,個,是,,,,,,,,,
塔類-綜合,豆塔-綜合,10入袋裝,組合／綜合,bundle,AB0001,3,A3,豆塔-巧克力,2,個,是,,,,,,,,,
塔類-綜合,豆塔-綜合,10入袋裝,組合／綜合,bundle,AB0001,4,A4,豆塔-抹茶,2,個,是,,,,,,,,,
塔類-綜合,豆塔-綜合,10入袋裝,組合／綜合,bundle,AB0001,5,A5,豆塔-椒麻,2,個,是,,,,,,,,,
塔類-綜合,豆塔-綜合,10入袋裝,組合／綜合,bundle,AB0001,6,,,,,是,PK0014,手提夾鏈袋,1,個,,,,,
塔類-綜合,堅果塔-綜合,10入袋裝,組合／綜合,bundle,AB0002,1,B1,堅果塔-蜂蜜,2,個,是,,,,,,,,,
塔類-綜合,堅果塔-綜合,10入袋裝,組合／綜合,bundle,AB0002,2,B2,堅果塔-焦糖,2,個,是,,,,,,,,,
塔類-綜合,堅果塔-綜合,10入袋裝,組合／綜合,bundle,AB0002,3,B3,堅果塔-巧克力,2,個,是,,,,,,,,,
塔類-綜合,堅果塔-綜合,10入袋裝,組合／綜合,bundle,AB0002,4,B4,堅果塔-海苔,2,個,是,,,,,,,,,
塔類-綜合,堅果塔-綜合,10入袋裝,組合／綜合,bundle,AB0002,5,B5,堅果塔-咖哩,2,個,是,,,,,,,,,
塔類-綜合,堅果塔-綜合,10入袋裝,組合／綜合,bundle,AB0002,6,,,,,是,PK0014,手提夾鏈袋,1,個,,,,,
塔類-綜合,雙塔,10入袋裝,組合／綜合,bundle,AB0003,1,A1,豆塔-蔓越莓,1,個,是,,,,,,,,,
塔類-綜合,雙塔,10入袋裝,組合／綜合,bundle,AB0003,2,A2,豆塔-焦糖,1,個,是,,,,,,,,,
塔類-綜合,雙塔,10入袋裝,組合／綜合,bundle,AB0003,3,A3,豆塔-巧克力,1,個,是,,,,,,,,,
塔類-綜合,雙塔,10入袋裝,組合／綜合,bundle,AB0003,4,A4,豆塔-抹茶,1,個,是,,,,,,,,,
塔類-綜合,雙塔,10入袋裝,組合／綜合,bundle,AB0003,5,A5,豆塔-椒麻,1,個,是,,,,,,,,,
塔類-綜合,雙塔,10入袋裝,組合／綜合,bundle,AB0003,6,B1,堅果塔-蜂蜜,1,個,是,,,,,,,,,
塔類-綜合,雙塔,10入袋裝,組合／綜合,bundle,AB0003,7,B2,堅果塔-焦糖,1,個,是,,,,,,,,,
塔類-綜合,雙塔,10入袋裝,組合／綜合,bundle,AB0003,8,B3,堅果塔-巧克力,1,個,是,,,,,,,,,
塔類-綜合,雙塔,10入袋裝,組合／綜合,bundle,AB0003,9,B4,堅果塔-海苔,1,個,是,,,,,,,,,
塔類-綜合,雙塔,10入袋裝,組合／綜合,bundle,AB0003,10,B5,堅果塔-咖哩,1,個,是,,,,,,,,,
塔類-綜合,雙塔,10入袋裝,組合／綜合,bundle,AB0003,11,,,,,是,PK0014,手提夾鏈袋,1,個,,,,,
雪花餅,雪花餅-綜合,10入袋裝,組合／綜合,bundle,H00010,1,H1,雪花餅-蔓越莓,2,個,是,,,,,,,,,
雪花餅,雪花餅-綜合,10入袋裝,組合／綜合,bundle,H00010,2,H2,雪花餅-巧克力,2,個,是,,,,,,,,,
雪花餅,雪花餅-綜合,10入袋裝,組合／綜合,bundle,H00010,3,H3,雪花餅-金沙,2,個,是,,,,,,,,,
雪花餅,雪花餅-綜合,10入袋裝,組合／綜合,bundle,H00010,4,H4,雪花餅-抹茶,2,個,是,,,,,,,,,
雪花餅,雪花餅-綜合,10入袋裝,組合／綜合,bundle,H00010,5,H5,雪花餅-肉鬆,2,個,是,,,,,,,,,
雪花餅,雪花餅-綜合,10入袋裝,組合／綜合,bundle,H00010,6,,,,,是,PK0014,手提夾鏈袋,1,個,,,,,
雪花餅,雪花餅-綜合,15入袋裝,組合／綜合,bundle,H00015,1,H1,雪花餅-蔓越莓,3,個,是,,,,,,,,,
雪花餅,雪花餅-綜合,15入袋裝,組合／綜合,bundle,H00015,2,H2,雪花餅-巧克力,3,個,是,,,,,,,,,
雪花餅,雪花餅-綜合,15入袋裝,組合／綜合,bundle,H00015,3,H3,雪花餅-金沙,3,個,是,,,,,,,,,
雪花餅,雪花餅-綜合,15入袋裝,組合／綜合,bundle,H00015,4,H4,雪花餅-抹茶,3,個,是,,,,,,,,,
雪花餅,雪花餅-綜合,15入袋裝,組合／綜合,bundle,H00015,5,H5,雪花餅-肉鬆,3,個,是,,,,,,,,,
雪花餅,雪花餅-綜合,15入袋裝,組合／綜合,bundle,H00015,6,,,,,是,PK0014,手提夾鏈袋,1,個,,,,,
雪花餅,雪花餅-蔓越莓,10入袋裝,否,direct_from_inner,H10010,1,H1,雪花餅-蔓越莓,10,個,是,PK0014,手提夾鏈袋,1,個,,H1,雪花餅-蔓越莓,個,
雪花餅,雪花餅-蔓越莓,15入袋裝,否,direct_from_inner,H10015,1,H1,雪花餅-蔓越莓,15,個,是,PK0014,手提夾鏈袋,1,個,,H1,雪花餅-蔓越莓,個,
雪花餅,雪花餅-蔓越莓,單個,否,direct_from_inner,H10001,1,H1,雪花餅-蔓越莓,1,個,否,,,,,,H1,雪花餅-蔓越莓,個,
雪花餅,雪花餅-巧克力,10入袋裝,否,direct_from_inner,H20010,1,H2,雪花餅-巧克力,10,個,是,PK0014,手提夾鏈袋,1,個,,H2,雪花餅-巧克力,個,
雪花餅,雪花餅-巧克力,15入袋裝,否,direct_from_inner,H20015,1,H2,雪花餅-巧克力,15,個,是,PK0014,手提夾鏈袋,1,個,,H2,雪花餅-巧克力,個,
雪花餅,雪花餅-巧克力,單個,否,direct_from_inner,H20001,1,H2,雪花餅-巧克力,1,個,否,,,,,,H2,雪花餅-巧克力,個,
雪花餅,雪花餅-金沙,10入袋裝,否,direct_from_inner,H30010,1,H3,雪花餅-金沙,10,個,是,PK0014,手提夾鏈袋,1,個,,H3,雪花餅-金沙,個,
雪花餅,雪花餅-金沙,15入袋裝,否,direct_from_inner,H30015,1,H3,雪花餅-金沙,15,個,是,PK0014,手提夾鏈袋,1,個,,H3,雪花餅-金沙,個,
雪花餅,雪花餅-金沙,單個,否,direct_from_inner,H30001,1,H3,雪花餅-金沙,1,個,否,,,,,,H3,雪花餅-金沙,個,
雪花餅,雪花餅-抹茶,10入袋裝,否,direct_from_inner,H40010,1,H4,雪花餅-抹茶,10,個,是,PK0014,手提夾鏈袋,1,個,,H4,雪花餅-抹茶,個,
雪花餅,雪花餅-抹茶,15入袋裝,否,direct_from_inner,H40015,1,H4,雪花餅-抹茶,15,個,是,PK0014,手提夾鏈袋,1,個,,H4,雪花餅-抹茶,個,
雪花餅,雪花餅-抹茶,單個,否,direct_from_inner,H40001,1,H4,雪花餅-抹茶,1,個,否,,,,,,H4,雪花餅-抹茶,個,
雪花餅,雪花餅-肉鬆,10入袋裝,否,direct_from_inner,H50010,1,H5,雪花餅-肉鬆,10,個,是,PK0014,手提夾鏈袋,1,個,,H5,雪花餅-肉鬆,個,
雪花餅,雪花餅-肉鬆,15入袋裝,否,direct_from_inner,H50015,1,H5,雪花餅-肉鬆,15,個,是,PK0014,手提夾鏈袋,1,個,,H5,雪花餅-肉鬆,個,
雪花餅,雪花餅-肉鬆,單個,否,direct_from_inner,H50001,1,H5,雪花餅-肉鬆,1,個,否,,,,,,H5,雪花餅-肉鬆,個,
瑪德蓮,瑪德蓮-綜合,10入袋裝,組合／綜合,bundle,M00010,1,M1,瑪德蓮-蜂蜜,2,個,是,,,,,,,,,
瑪德蓮,瑪德蓮-綜合,10入袋裝,組合／綜合,bundle,M00010,2,M2,瑪德蓮-巧克力,2,個,是,,,,,,,,,
瑪德蓮,瑪德蓮-綜合,10入袋裝,組合／綜合,bundle,M00010,3,M3,瑪德蓮-紅茶,2,個,是,,,,,,,,,
瑪德蓮,瑪德蓮-綜合,10入袋裝,組合／綜合,bundle,M00010,4,M4,瑪德蓮-抹茶,2,個,是,,,,,,,,,
瑪德蓮,瑪德蓮-綜合,10入袋裝,組合／綜合,bundle,M00010,5,M5,瑪德蓮-柑橘,2,個,是,,,,,,,,,
瑪德蓮,瑪德蓮-綜合,10入袋裝,組合／綜合,bundle,M00010,6,,,,,是,PK0014,手提夾鏈袋,1,個,,,,,
瑪德蓮,瑪德蓮-蜂蜜,10入袋裝,否,direct_from_inner,M10010,1,M1,瑪德蓮-蜂蜜,10,個,是,PK0014,手提夾鏈袋,1,個,,M1,瑪德蓮-蜂蜜,個,
瑪德蓮,瑪德蓮-蜂蜜,單個,否,direct_from_inner,M10001,1,M1,瑪德蓮-蜂蜜,1,個,否,,,,,,M1,瑪德蓮-蜂蜜,個,
瑪德蓮,瑪德蓮-巧克力,10入袋裝,否,direct_from_inner,M20010,1,M2,瑪德蓮-巧克力,10,個,是,PK0014,手提夾鏈袋,1,個,,M2,瑪德蓮-巧克力,個,
瑪德蓮,瑪德蓮-巧克力,單個,否,direct_from_inner,M20001,1,M2,瑪德蓮-巧克力,1,個,否,,,,,,M2,瑪德蓮-巧克力,個,
瑪德蓮,瑪德蓮-紅茶,10入袋裝,否,direct_from_inner,M30010,1,M3,瑪德蓮-紅茶,10,個,是,PK0014,手提夾鏈袋,1,個,,M3,瑪德蓮-紅茶,個,
瑪德蓮,瑪德蓮-紅茶,單個,否,direct_from_inner,M30001,1,M3,瑪德蓮-紅茶,1,個,否,,,,,,M3,瑪德蓮-紅茶,個,
瑪德蓮,瑪德蓮-抹茶,10入袋裝,否,direct_from_inner,M40010,1,M4,瑪德蓮-抹茶,10,個,是,PK0014,手提夾鏈袋,1,個,,M4,瑪德蓮-抹茶,個,
瑪德蓮,瑪德蓮-抹茶,單個,否,direct_from_inner,M40001,1,M4,瑪德蓮-抹茶,1,個,否,,,,,,M4,瑪德蓮-抹茶,個,
瑪德蓮,瑪德蓮-柑橘,10入袋裝,否,direct_from_inner,M50010,1,M5,瑪德蓮-柑橘,10,個,是,PK0014,手提夾鏈袋,1,個,,M5,瑪德蓮-柑橘,個,
瑪德蓮,瑪德蓮-柑橘,單個,否,direct_from_inner,M50001,1,M5,瑪德蓮-柑橘,1,個,否,,,,,,M5,瑪德蓮-柑橘,個,
瑪德蓮,瑪德蓮-檸檬,10入袋裝,否,direct_from_inner,M60010,1,M6,瑪德蓮-檸檬,10,個,是,PK0014,手提夾鏈袋,1,個,,M6,瑪德蓮-檸檬,個,
瑪德蓮,瑪德蓮-檸檬,單個,否,direct_from_inner,M60001,1,M6,瑪德蓮-檸檬,1,個,否,,,,,,M6,瑪德蓮-檸檬,個,
無調味堅果,無調味綜合堅果,120g,組合／綜合,bundle,N00120,1,RM0001,夏威夷豆4LL,30,g,是,,,,,原料直接分裝,,,,
無調味堅果,無調味綜合堅果,120g,組合／綜合,bundle,N00120,2,RM0003,腰果,30,g,是,,,,,原料直接分裝,,,,
無調味堅果,無調味綜合堅果,120g,組合／綜合,bundle,N00120,3,RM0004,杏仁果,30,g,是,,,,,原料直接分裝,,,,
無調味堅果,無調味綜合堅果,120g,組合／綜合,bundle,N00120,4,RM0006,大核桃(1/2),30,g,是,,,,,原料直接分裝,,,,
無調味堅果,無調味綜合堅果,120g,組合／綜合,bundle,N00120,5,,,,,是,PK0016,橫窗鋁箔夾鏈立袋,1,個,,,,,
無調味堅果,無調味綜合堅果,280g,組合／綜合,bundle,N00280,1,RM0001,夏威夷豆4LL,70,g,是,,,1,個,原料直接分裝,,,,
無調味堅果,無調味綜合堅果,280g,組合／綜合,bundle,N00280,2,RM0003,腰果,70,g,是,,,1,個,原料直接分裝,,,,
無調味堅果,無調味綜合堅果,280g,組合／綜合,bundle,N00280,3,RM0004,杏仁果,70,g,是,,,1,個,原料直接分裝,,,,
無調味堅果,無調味綜合堅果,280g,組合／綜合,bundle,N00280,4,RM0006,大核桃(1/2),70,g,是,,,1,個,原料直接分裝,,,,
無調味堅果,無調味綜合堅果,280g,組合／綜合,bundle,N00280,5,,,,,是,PK0016,橫窗鋁箔夾鏈立袋,1,個,,,,,
無調味堅果,無調味夏威夷豆,120g,否,no_inner_stage,N10120,1,RM0001,夏威夷豆4LL,120,g,是,PK0016,橫窗鋁箔夾鏈立袋,1,個,原料直接分裝,,,,
無調味堅果,無調味夏威夷豆,280g,否,no_inner_stage,N10280,1,RM0001,夏威夷豆4LL,280,g,是,PK0016,橫窗鋁箔夾鏈立袋,1,個,原料直接分裝,,,,
無調味堅果,無調味腰果,120g,否,no_inner_stage,N20120,1,RM0003,腰果,120,g,是,PK0016,橫窗鋁箔夾鏈立袋,1,個,原料直接分裝,,,,
無調味堅果,無調味腰果,280g,否,no_inner_stage,N20280,1,RM0003,腰果,280,g,是,PK0016,橫窗鋁箔夾鏈立袋,1,個,原料直接分裝,,,,
無調味堅果,無調味杏仁,120g,否,no_inner_stage,N30120,1,RM0004,杏仁果,120,g,是,PK0016,橫窗鋁箔夾鏈立袋,1,個,原料直接分裝,,,,
無調味堅果,無調味杏仁,280g,否,no_inner_stage,N30280,1,RM0004,杏仁果,280,g,是,PK0016,橫窗鋁箔夾鏈立袋,1,個,原料直接分裝,,,,
無調味堅果,無調味核桃,120g,否,no_inner_stage,N40120,1,RM0006,大核桃(1/2),120,g,是,PK0016,橫窗鋁箔夾鏈立袋,1,個,原料直接分裝,,,,
椰棗,★中東椰棗300g,300g,否,direct_from_inner,Y10300,1,Y1,★中東椰棗,300,g,是,PK0015,椰棗外夾鏈袋,1,個,,Y1,★中東椰棗,g,
椰棗,椰棗豆子150g,150g,否,direct_from_inner,Y20150,1,Y2,椰棗豆子,150,g,是,PK0015,椰棗外夾鏈袋,1,個,,Y2,椰棗豆子,g,
椰棗,椰棗腰果150g,150g,否,direct_from_inner,Y30150,1,Y3,椰棗腰果,150,g,是,PK0015,椰棗外夾鏈袋,1,個,,Y3,椰棗腰果,g,
椰棗,椰棗杏仁150g,150g,否,direct_from_inner,Y40150,1,Y4,椰棗杏仁,150,g,是,PK0015,椰棗外夾鏈袋,1,個,,Y4,椰棗杏仁,g,
椰棗,椰棗核桃150g,150g,否,direct_from_inner,Y50150,1,Y5,椰棗核桃,150,g,是,PK0015,椰棗外夾鏈袋,1,個,,Y5,椰棗核桃,g,
糖果,牛奶糖,200g,否,direct_from_inner,S10200,1,S1,牛奶糖,200,g,是,PK0017,糖果外夾鏈袋,1,個,,S1,牛奶糖,g,kg
糖果,牛奶糖,50g,否,direct_from_inner,S10050,1,S1,牛奶糖,50,g,是,PK0018,透明自黏袋,1,個,,S1,牛奶糖,g,kg
糖果,南棗核桃糕,200g,否,direct_from_inner,S20200,1,S2,南棗核桃糕,200,g,是,PK0017,糖果外夾鏈袋,1,個,,S2,南棗核桃糕,g,kg
杏仁瓦片,瓦片-綜合,90g,組合／綜合,bundle,C00090,1,C1,瓦片-原味,22.5,g,是,,,,,,,,,
杏仁瓦片,瓦片-綜合,90g,組合／綜合,bundle,C00090,2,C2,瓦片-紅茶,22.5,g,是,,,,,,,,,
杏仁瓦片,瓦片-綜合,90g,組合／綜合,bundle,C00090,3,C3,瓦片-巧克力,22.5,g,是,,,,,,,,,
杏仁瓦片,瓦片-綜合,90g,組合／綜合,bundle,C00090,4,C4,瓦片-海苔,22.5,g,是,,,,,,,,,
杏仁瓦片,瓦片-綜合,90g,組合／綜合,bundle,C00090,5,,,,,是,PK0016,橫窗鋁箔夾鏈立袋,1,個,,,,,
杏仁瓦片,瓦片-綜合,135g,組合／綜合,bundle,C00135,1,C1,瓦片-原味,33.75,g,是,,,,,,,,,
杏仁瓦片,瓦片-綜合,135g,組合／綜合,bundle,C00135,2,C2,瓦片-紅茶,33.75,g,是,,,,,,,,,
杏仁瓦片,瓦片-綜合,135g,組合／綜合,bundle,C00135,3,C3,瓦片-巧克力,33.75,g,是,,,,,,,,,
杏仁瓦片,瓦片-綜合,135g,組合／綜合,bundle,C00135,4,C4,瓦片-海苔,33.75,g,是,,,,,,,,,
杏仁瓦片,瓦片-綜合,135g,組合／綜合,bundle,C00135,5,,,,,是,PK0016,橫窗鋁箔夾鏈立袋,1,個,,,,,
杏仁瓦片,瓦片-原味,90g,否,direct_from_inner,C10090,1,C1,瓦片-原味,90,g,是,PK0016,橫窗鋁箔夾鏈立袋,1,個,,C1,瓦片-原味,g,kg
杏仁瓦片,瓦片-原味,135g,否,direct_from_inner,C10135,1,C1,瓦片-原味,135,g,是,PK0016,橫窗鋁箔夾鏈立袋,1,個,,C1,瓦片-原味,g,kg
杏仁瓦片,瓦片-原味,45g,否,direct_from_inner,C10045,1,C1,瓦片-原味,45,g,是,PK0016,橫窗鋁箔夾鏈立袋,1,個,,C1,瓦片-原味,g,kg
杏仁瓦片,瓦片-紅茶,90g,否,direct_from_inner,C20090,1,C2,瓦片-紅茶,90,g,是,PK0016,橫窗鋁箔夾鏈立袋,1,個,,C2,瓦片-紅茶,g,kg
杏仁瓦片,瓦片-紅茶,135g,否,direct_from_inner,C20135,1,C2,瓦片-紅茶,135,g,是,PK0016,橫窗鋁箔夾鏈立袋,1,個,,C2,瓦片-紅茶,g,kg
杏仁瓦片,瓦片-巧克力,90g,否,direct_from_inner,C30090,1,C3,瓦片-巧克力,90,g,是,PK0016,橫窗鋁箔夾鏈立袋,1,個,,C3,瓦片-巧克力,g,kg
杏仁瓦片,瓦片-巧克力,135g,否,direct_from_inner,C30135,1,C3,瓦片-巧克力,135,g,是,PK0016,橫窗鋁箔夾鏈立袋,1,個,,C3,瓦片-巧克力,g,kg
杏仁瓦片,瓦片-海苔,90g,否,direct_from_inner,C40090,1,C4,瓦片-海苔,90,g,是,PK0016,橫窗鋁箔夾鏈立袋,1,個,,C4,瓦片-海苔,g,kg
杏仁瓦片,瓦片-海苔,135g,否,direct_from_inner,C40135,1,C4,瓦片-海苔,135,g,是,PK0016,橫窗鋁箔夾鏈立袋,1,個,,C4,瓦片-海苔,g,kg
杏仁瓦片,瓦片-抹茶,90g,否,direct_from_inner,C50090,1,C5,瓦片-抹茶,90,g,是,PK0016,橫窗鋁箔夾鏈立袋,1,個,,C5,瓦片-抹茶,g,kg
杏仁瓦片,瓦片-抹茶,135g,否,direct_from_inner,C50135,1,C5,瓦片-抹茶,135,g,是,PK0016,橫窗鋁箔夾鏈立袋,1,個,,C5,瓦片-抹茶,g,kg
杏仁瓦片,瓦片-黑糖,90g,否,direct_from_inner,C60090,1,C6,瓦片-黑糖,90,g,是,PK0016,橫窗鋁箔夾鏈立袋,1,個,,C6,瓦片-黑糖,g,kg
杏仁瓦片,瓦片-黑糖,135g,否,direct_from_inner,C60135,1,C6,瓦片-黑糖,135,g,是,PK0016,橫窗鋁箔夾鏈立袋,1,個,,C6,瓦片-黑糖,g,kg
杏仁瓦片,瓦片-青花椒,90g,否,direct_from_inner,C70090,1,C7,瓦片-青花椒,90,g,是,PK0016,橫窗鋁箔夾鏈立袋,1,個,,C7,瓦片-青花椒,g,kg
杏仁瓦片,瓦片-青花椒,135g,否,direct_from_inner,C70135,1,C7,瓦片-青花椒,135,g,是,PK0016,橫窗鋁箔夾鏈立袋,1,個,,C7,瓦片-青花椒,g,kg
奶油曲奇,奶油-焦糖牛奶,90g,否,direct_from_inner,Q10090,1,Q1,奶油-焦糖牛奶,90,g,是,PK0016,橫窗鋁箔夾鏈立袋,1,個,,Q1,奶油-焦糖牛奶,包,g
奶油曲奇,奶油-法國巧克力,90g,否,direct_from_inner,Q20090,1,Q2,奶油-法國巧克力,90,g,是,PK0016,橫窗鋁箔夾鏈立袋,1,個,,Q2,奶油-法國巧克力,包,g
奶油曲奇,奶油-法國巧克力,135g,否,direct_from_inner,Q20135,1,Q2,奶油-法國巧克力,135,g,是,PK0016,橫窗鋁箔夾鏈立袋,1,個,,Q2,奶油-法國巧克力,包,g
奶油曲奇,奶油-蜂蜜檸檬,90g,否,direct_from_inner,Q30090,1,Q3,奶油-蜂蜜檸檬,90,g,是,PK0016,橫窗鋁箔夾鏈立袋,1,個,,Q3,奶油-蜂蜜檸檬,包,g
奶油曲奇,奶油-伯爵紅茶,90g,否,direct_from_inner,Q40090,1,Q4,奶油-伯爵紅茶,90,g,是,PK0016,橫窗鋁箔夾鏈立袋,1,個,,Q4,奶油-伯爵紅茶,包,g
奶油曲奇,奶油-抹茶,90g,否,direct_from_inner,Q50090,1,Q5,奶油-抹茶,90,g,是,PK0016,橫窗鋁箔夾鏈立袋,1,個,,Q5,奶油-抹茶,包,g
西點餅乾,西點-綜合,90g,組合／綜合,bundle,G00090,1,C1,瓦片-原味,15,g,是,,,,,,C1,瓦片-原味,g,kg
西點餅乾,西點-綜合,90g,組合／綜合,bundle,G00090,2,G1,西點-巧克力貝殼,15,g,是,,,,,,G1,西點-巧克力貝殼,包,g
西點餅乾,西點-綜合,90g,組合／綜合,bundle,G00090,3,G2,西點-咖啡小花,15,g,是,,,,,,G2,西點-咖啡小花,包,g
西點餅乾,西點-綜合,90g,組合／綜合,bundle,G00090,4,G3,西點-藍莓小花,15,g,是,,,,,,G3,西點-藍莓小花,包,g
西點餅乾,西點-綜合,90g,組合／綜合,bundle,G00090,5,G4,西點-蔓越莓貝殼,15,g,是,,,,,,G4,西點-蔓越莓貝殼,包,g
西點餅乾,西點-綜合,90g,組合／綜合,bundle,G00090,6,G5,西點-乳酪酥條,15,g,是,,,,,,G5,西點-乳酪酥條,包,g
西點餅乾,西點-綜合,90g,組合／綜合,bundle,G00090,7,,,,,是,PK0016,橫窗鋁箔夾鏈立袋,1,個,,,,,
西點餅乾,西點-綜合,135g,組合／綜合,bundle,G00135,1,C1,瓦片-原味,22.5,g,是,,,,,,C1,瓦片-原味,g,kg
西點餅乾,西點-綜合,135g,組合／綜合,bundle,G00135,2,G1,西點-巧克力貝殼,22.5,g,是,,,,,,G1,西點-巧克力貝殼,包,g
西點餅乾,西點-綜合,135g,組合／綜合,bundle,G00135,3,G2,西點-咖啡小花,22.5,g,是,,,,,,G2,西點-咖啡小花,包,g
西點餅乾,西點-綜合,135g,組合／綜合,bundle,G00135,4,G3,西點-藍莓小花,22.5,g,是,,,,,,G3,西點-藍莓小花,包,g
西點餅乾,西點-綜合,135g,組合／綜合,bundle,G00135,5,G4,西點-蔓越莓貝殼,22.5,g,是,,,,,,G4,西點-蔓越莓貝殼,包,g
西點餅乾,西點-綜合,135g,組合／綜合,bundle,G00135,6,G5,西點-乳酪酥條,22.5,g,是,,,,,,G5,西點-乳酪酥條,包,g
西點餅乾,西點-綜合,135g,組合／綜合,bundle,G00135,7,,,,,是,PK0016,橫窗鋁箔夾鏈立袋,1,個,,,,,
西點餅乾,西點-巧克力貝殼,90g,否,direct_from_inner,G10090,1,G1,西點-巧克力貝殼,90,g,是,PK0016,橫窗鋁箔夾鏈立袋,1,個,,G1,西點-巧克力貝殼,包,g
西點餅乾,西點-巧克力貝殼,135g,否,direct_from_inner,G10135,1,G1,西點-巧克力貝殼,135,g,是,PK0016,橫窗鋁箔夾鏈立袋,1,個,,G1,西點-巧克力貝殼,包,g
西點餅乾,西點-咖啡小花,90g,否,direct_from_inner,G20090,1,G2,西點-咖啡小花,90,g,是,PK0016,橫窗鋁箔夾鏈立袋,1,個,,G2,西點-咖啡小花,包,g
西點餅乾,西點-藍莓小花,90g,否,direct_from_inner,G30090,1,G3,西點-藍莓小花,90,g,是,PK0016,橫窗鋁箔夾鏈立袋,1,個,,G3,西點-藍莓小花,包,g
西點餅乾,西點-蔓越莓貝殼,90g,否,direct_from_inner,G40090,1,G4,西點-蔓越莓貝殼,90,g,是,PK0016,橫窗鋁箔夾鏈立袋,1,個,,G4,西點-蔓越莓貝殼,包,g
西點餅乾,西點-乳酪酥條,90g,否,direct_from_inner,G50090,1,G5,西點-乳酪酥條,90,g,是,PK0016,橫窗鋁箔夾鏈立袋,1,個,,G5,西點-乳酪酥條,包,g
千層餅乾,千層-小酥條,60g,否,no_inner_stage,T10060,1,,,,,是,PK0016,橫窗鋁箔夾鏈立袋,1,個,,,,,
鐵盒禮盒,雙塔禮盒,禮盒,禮盒,gift_box,L10001,1,A1,豆塔-蔓越莓,2,個,是,,,,,,,,,
鐵盒禮盒,雙塔禮盒,禮盒,禮盒,gift_box,L10001,2,A2,豆塔-焦糖,2,個,是,,,,,,,,,
鐵盒禮盒,雙塔禮盒,禮盒,禮盒,gift_box,L10001,3,A3,豆塔-巧克力,2,個,是,,,,,,,,,
鐵盒禮盒,雙塔禮盒,禮盒,禮盒,gift_box,L10001,4,A4,豆塔-抹茶,2,個,是,,,,,,,,,
鐵盒禮盒,雙塔禮盒,禮盒,禮盒,gift_box,L10001,5,A5,豆塔-椒麻,2,個,是,,,,,,,,,
鐵盒禮盒,雙塔禮盒,禮盒,禮盒,gift_box,L10001,6,B1,堅果塔-蜂蜜,1,個,是,,,,,,,,,
鐵盒禮盒,雙塔禮盒,禮盒,禮盒,gift_box,L10001,7,B2,堅果塔-焦糖,1,個,是,,,,,,,,,
鐵盒禮盒,雙塔禮盒,禮盒,禮盒,gift_box,L10001,8,B3,堅果塔-巧克力,1,個,是,,,,,,,,,
鐵盒禮盒,雙塔禮盒,禮盒,禮盒,gift_box,L10001,9,B4,堅果塔-海苔,1,個,是,,,,,,,,,
鐵盒禮盒,雙塔禮盒,禮盒,禮盒,gift_box,L10001,10,B5,堅果塔-咖哩,1,個,是,,,,,,,,,
鐵盒禮盒,雙塔禮盒,禮盒,禮盒,gift_box,L10001,11,,,,,是,PK0004,鐵盒-禮盒,1,個,,,,,
鐵盒禮盒,雙塔禮盒,禮盒,禮盒,gift_box,L10001,12,,,,,是,PK0008,大底板-鐵盒-禮盒,1,個,,,,,
鐵盒禮盒,雙塔禮盒,禮盒,禮盒,gift_box,L10001,13,,,,,是,PK0012,隔板-鐵盒-禮盒,1,個,,,,,
鐵盒禮盒,雙塔禮盒,禮盒,禮盒,gift_box,L10001,14,,,,,是,PK0013,提袋-鐵盒-禮盒,1,個,,,,,
鐵盒禮盒,雙塔禮盒,禮盒,禮盒,gift_box,L10001,15,,,,,是,PK0019,封套鐵盒-禮盒,1,個,,,,,
鐵盒禮盒,蔓越莓禮盒,禮盒,禮盒,gift_box,L10002,1,A1,豆塔-蔓越莓,15,個,是,,,,,,,,,
鐵盒禮盒,蔓越莓禮盒,禮盒,禮盒,gift_box,L10002,2,,,,,是,PK0004,鐵盒-禮盒,1,個,,,,,
鐵盒禮盒,蔓越莓禮盒,禮盒,禮盒,gift_box,L10002,3,,,,,是,PK0008,大底板-鐵盒-禮盒,1,個,,,,,
鐵盒禮盒,蔓越莓禮盒,禮盒,禮盒,gift_box,L10002,4,,,,,是,PK0012,隔板-鐵盒-禮盒,1,個,,,,,
鐵盒禮盒,蔓越莓禮盒,禮盒,禮盒,gift_box,L10002,5,,,,,是,PK0013,提袋-鐵盒-禮盒,1,個,,,,,
鐵盒禮盒,蔓越莓禮盒,禮盒,禮盒,gift_box,L10002,6,,,,,是,PK0019,封套鐵盒-禮盒,1,個,,,,,
鐵盒禮盒,綜豆禮盒,禮盒,禮盒,gift_box,L10003,1,A1,豆塔-蔓越莓,3,個,是,,,,,,,,,
鐵盒禮盒,綜豆禮盒,禮盒,禮盒,gift_box,L10003,2,A2,豆塔-焦糖,3,個,是,,,,,,,,,
鐵盒禮盒,綜豆禮盒,禮盒,禮盒,gift_box,L10003,3,A3,豆塔-巧克力,3,個,是,,,,,,,,,
鐵盒禮盒,綜豆禮盒,禮盒,禮盒,gift_box,L10003,4,A4,豆塔-抹茶,3,個,是,,,,,,,,,
鐵盒禮盒,綜豆禮盒,禮盒,禮盒,gift_box,L10003,5,A5,豆塔-椒麻,3,個,是,,,,,,,,,
鐵盒禮盒,綜豆禮盒,禮盒,禮盒,gift_box,L10003,6,,,,,是,PK0004,鐵盒-禮盒,1,個,,,,,
鐵盒禮盒,綜豆禮盒,禮盒,禮盒,gift_box,L10003,7,,,,,是,PK0008,大底板-鐵盒-禮盒,1,個,,,,,
鐵盒禮盒,綜豆禮盒,禮盒,禮盒,gift_box,L10003,8,,,,,是,PK0012,隔板-鐵盒-禮盒,1,個,,,,,
鐵盒禮盒,綜豆禮盒,禮盒,禮盒,gift_box,L10003,9,,,,,是,PK0013,提袋-鐵盒-禮盒,1,個,,,,,
鐵盒禮盒,綜豆禮盒,禮盒,禮盒,gift_box,L10003,10,,,,,是,PK0019,封套鐵盒-禮盒,1,個,,,,,
鐵盒禮盒,綜堅禮盒,禮盒,禮盒,gift_box,L10004,1,B1,堅果塔-蜂蜜,3,個,是,,,,,,,,,
鐵盒禮盒,綜堅禮盒,禮盒,禮盒,gift_box,L10004,2,B2,堅果塔-焦糖,3,個,是,,,,,,,,,
鐵盒禮盒,綜堅禮盒,禮盒,禮盒,gift_box,L10004,3,B3,堅果塔-巧克力,3,個,是,,,,,,,,,
鐵盒禮盒,綜堅禮盒,禮盒,禮盒,gift_box,L10004,4,B4,堅果塔-海苔,3,個,是,,,,,,,,,
鐵盒禮盒,綜堅禮盒,禮盒,禮盒,gift_box,L10004,5,B5,堅果塔-咖哩,3,個,是,,,,,,,,,
鐵盒禮盒,綜堅禮盒,禮盒,禮盒,gift_box,L10004,6,,,,,是,PK0004,鐵盒-禮盒,1,個,,,,,
鐵盒禮盒,綜堅禮盒,禮盒,禮盒,gift_box,L10004,7,,,,,是,PK0008,大底板-鐵盒-禮盒,1,個,,,,,
鐵盒禮盒,綜堅禮盒,禮盒,禮盒,gift_box,L10004,8,,,,,是,PK0012,隔板-鐵盒-禮盒,1,個,,,,,
鐵盒禮盒,綜堅禮盒,禮盒,禮盒,gift_box,L10004,9,,,,,是,PK0013,提袋-鐵盒-禮盒,1,個,,,,,
鐵盒禮盒,綜堅禮盒,禮盒,禮盒,gift_box,L10004,10,,,,,是,PK0019,封套鐵盒-禮盒,1,個,,,,,
停售,晴空塔餅禮盒,禮盒,禮盒,gift_box,L10005,,,,,,,,,,,,,,,
鐵盒禮盒,暖暖幸福禮盒,禮盒,禮盒,gift_box,L10006,1,C1001,瓦片-原味-單片,4,片,是,,,,,,,,,
鐵盒禮盒,暖暖幸福禮盒,禮盒,禮盒,gift_box,L10006,2,C2001,瓦片-紅茶-單片,4,片,是,,,,,,,,,
鐵盒禮盒,暖暖幸福禮盒,禮盒,禮盒,gift_box,L10006,3,C3001,瓦片-巧克力-單片,4,片,是,,,,,,,,,
鐵盒禮盒,暖暖幸福禮盒,禮盒,禮盒,gift_box,L10006,4,Q1001,奶油-焦糖牛奶-單片,4,片,是,,,,,,,,,
鐵盒禮盒,暖暖幸福禮盒,禮盒,禮盒,gift_box,L10006,5,Q2001,奶油-法國巧克力-單片,4,片,是,,,,,,,,,
鐵盒禮盒,暖暖幸福禮盒,禮盒,禮盒,gift_box,L10006,6,Q3001,奶油-蜂蜜檸檬-單片,4,片,是,,,,,,,,,
鐵盒禮盒,暖暖幸福禮盒,禮盒,禮盒,gift_box,L10006,7,G1001,西點-巧克力貝殼-單片,4,片,是,,,,,,,,,
鐵盒禮盒,暖暖幸福禮盒,禮盒,禮盒,gift_box,L10006,8,G2001,西點-咖啡小花-單片,4,片,是,,,,,,,,,
鐵盒禮盒,暖暖幸福禮盒,禮盒,禮盒,gift_box,L10006,9,G3001,西點-藍莓小花-單片,4,片,是,,,,,,,,,
鐵盒禮盒,暖暖幸福禮盒,禮盒,禮盒,gift_box,L10006,10,,,,,是,PK0004,鐵盒-禮盒,1,個,,,,,
鐵盒禮盒,暖暖幸福禮盒,禮盒,禮盒,gift_box,L10006,11,,,,,是,PK0008,大底板-鐵盒-禮盒,1,個,,,,,
鐵盒禮盒,暖暖幸福禮盒,禮盒,禮盒,gift_box,L10006,12,,,,,是,PK0012,隔板-鐵盒-禮盒,1,個,,,,,
鐵盒禮盒,暖暖幸福禮盒,禮盒,禮盒,gift_box,L10006,13,,,,,是,PK0013,提袋-鐵盒-禮盒,1,個,,,,,
鐵盒禮盒,暖暖幸福禮盒,禮盒,禮盒,gift_box,L10006,14,,,,,是,PK0019,封套鐵盒-禮盒,1,個,,,,,
鐵盒禮盒,臻愛時光禮盒,禮盒,禮盒,gift_box,L10007,1,A1,豆塔-蔓越莓,1,個,是,,,,,,,,,
鐵盒禮盒,臻愛時光禮盒,禮盒,禮盒,gift_box,L10007,2,A2,豆塔-焦糖,1,個,是,,,,,,,,,
鐵盒禮盒,臻愛時光禮盒,禮盒,禮盒,gift_box,L10007,3,A3,豆塔-巧克力,1,個,是,,,,,,,,,
鐵盒禮盒,臻愛時光禮盒,禮盒,禮盒,gift_box,L10007,4,A4,豆塔-抹茶,1,個,是,,,,,,,,,
鐵盒禮盒,臻愛時光禮盒,禮盒,禮盒,gift_box,L10007,5,A5,豆塔-椒麻,1,個,是,,,,,,,,,
鐵盒禮盒,臻愛時光禮盒,禮盒,禮盒,gift_box,L10007,6,B1,堅果塔-蜂蜜,1,個,是,,,,,,,,,
鐵盒禮盒,臻愛時光禮盒,禮盒,禮盒,gift_box,L10007,7,B2,堅果塔-焦糖,1,個,是,,,,,,,,,
鐵盒禮盒,臻愛時光禮盒,禮盒,禮盒,gift_box,L10007,8,B3,堅果塔-巧克力,1,個,是,,,,,,,,,
鐵盒禮盒,臻愛時光禮盒,禮盒,禮盒,gift_box,L10007,9,B4,堅果塔-海苔,1,個,是,,,,,,,,,
鐵盒禮盒,臻愛時光禮盒,禮盒,禮盒,gift_box,L10007,10,B5,堅果塔-咖哩,1,個,是,,,,,,,,,
鐵盒禮盒,臻愛時光禮盒,禮盒,禮盒,gift_box,L10007,11,P1,土鳳梨酥(紅點),3,個,是,,,,,,,,,
鐵盒禮盒,臻愛時光禮盒,禮盒,禮盒,gift_box,L10007,12,P2,鳳凰酥,3,個,是,,,,,,,,,
鐵盒禮盒,臻愛時光禮盒,禮盒,禮盒,gift_box,L10007,13,,,,,是,PK0004,鐵盒-禮盒,1,個,,,,,
鐵盒禮盒,臻愛時光禮盒,禮盒,禮盒,gift_box,L10007,14,,,,,是,PK0008,大底板-鐵盒-禮盒,1,個,,,,,
鐵盒禮盒,臻愛時光禮盒,禮盒,禮盒,gift_box,L10007,15,,,,,是,PK0012,隔板-鐵盒-禮盒,1,個,,,,,
鐵盒禮盒,臻愛時光禮盒,禮盒,禮盒,gift_box,L10007,16,,,,,是,PK0013,提袋-鐵盒-禮盒,1,個,,,,,
鐵盒禮盒,臻愛時光禮盒,禮盒,禮盒,gift_box,L10007,17,,,,,是,PK0019,封套鐵盒-禮盒,1,個,,,,,
鐵盒禮盒,濃情滿載禮盒,禮盒,禮盒,gift_box,L10008,1,A1,豆塔-蔓越莓,5,個,是,,,,,,,,,
鐵盒禮盒,濃情滿載禮盒,禮盒,禮盒,gift_box,L10008,2,S1010,牛奶糖-100g,1,包,是,,,,,,,,,
鐵盒禮盒,濃情滿載禮盒,禮盒,禮盒,gift_box,L10008,3,S2010,南棗核桃糕-100g,1,包,是,,,,,,,,,
鐵盒禮盒,濃情滿載禮盒,禮盒,禮盒,gift_box,L10008,4,C1001,瓦片-原味-單片,2,片,是,,,,,,,,,
鐵盒禮盒,濃情滿載禮盒,禮盒,禮盒,gift_box,L10008,5,C2001,瓦片-紅茶-單片,2,片,是,,,,,,,,,
鐵盒禮盒,濃情滿載禮盒,禮盒,禮盒,gift_box,L10008,6,Q1001,奶油-焦糖牛奶-單片,2,片,是,,,,,,,,,
鐵盒禮盒,濃情滿載禮盒,禮盒,禮盒,gift_box,L10008,7,Q2001,奶油-法國巧克力-單片,2,片,是,,,,,,,,,
鐵盒禮盒,濃情滿載禮盒,禮盒,禮盒,gift_box,L10008,8,G1001,西點-巧克力貝殼-單片,2,片,是,,,,,,,,,
鐵盒禮盒,濃情滿載禮盒,禮盒,禮盒,gift_box,L10008,9,G2001,西點-咖啡小花-單片,2,片,是,,,,,,,,,
鐵盒禮盒,濃情滿載禮盒,禮盒,禮盒,gift_box,L10008,10,,,,,是,PK0004,鐵盒-禮盒,1,個,,,,,
鐵盒禮盒,濃情滿載禮盒,禮盒,禮盒,gift_box,L10008,11,,,,,是,PK0008,大底板-鐵盒-禮盒,1,個,,,,,
鐵盒禮盒,濃情滿載禮盒,禮盒,禮盒,gift_box,L10008,12,,,,,是,PK0012,隔板-鐵盒-禮盒,1,個,,,,,
鐵盒禮盒,濃情滿載禮盒,禮盒,禮盒,gift_box,L10008,13,,,,,是,PK0013,提袋-鐵盒-禮盒,1,個,,,,,
鐵盒禮盒,濃情滿載禮盒,禮盒,禮盒,gift_box,L10008,14,,,,,是,PK0019,封套鐵盒-禮盒,1,個,,,,,
鐵盒禮盒,浪漫詩篇禮盒,禮盒,禮盒,gift_box,L10009,1,A1,豆塔-蔓越莓,5,個,是,,,,,,,,,
鐵盒禮盒,浪漫詩篇禮盒,禮盒,禮盒,gift_box,L10009,2,M1,瑪德蓮-蜂蜜,3,個,是,,,,,,,,,
鐵盒禮盒,浪漫詩篇禮盒,禮盒,禮盒,gift_box,L10009,3,M2,瑪德蓮-巧克力,1,個,是,,,,,,,,,
鐵盒禮盒,浪漫詩篇禮盒,禮盒,禮盒,gift_box,L10009,4,M3,瑪德蓮-紅茶,1,個,是,,,,,,,,,
鐵盒禮盒,浪漫詩篇禮盒,禮盒,禮盒,gift_box,L10009,5,C1001,瓦片-原味-單片,2,片,是,,,,,,,,,
鐵盒禮盒,浪漫詩篇禮盒,禮盒,禮盒,gift_box,L10009,6,C2001,瓦片-紅茶-單片,2,片,是,,,,,,,,,
鐵盒禮盒,浪漫詩篇禮盒,禮盒,禮盒,gift_box,L10009,7,Q1001,奶油-焦糖牛奶-單片,2,片,是,,,,,,,,,
鐵盒禮盒,浪漫詩篇禮盒,禮盒,禮盒,gift_box,L10009,8,Q2001,奶油-法國巧克力-單片,2,片,是,,,,,,,,,
鐵盒禮盒,浪漫詩篇禮盒,禮盒,禮盒,gift_box,L10009,9,G1001,西點-巧克力貝殼-單片,2,片,是,,,,,,,,,
鐵盒禮盒,浪漫詩篇禮盒,禮盒,禮盒,gift_box,L10009,10,G2001,西點-咖啡小花-單片,2,片,是,,,,,,,,,
鐵盒禮盒,浪漫詩篇禮盒,禮盒,禮盒,gift_box,L10009,11,,,,,是,PK0004,鐵盒-禮盒,1,個,,,,,
鐵盒禮盒,浪漫詩篇禮盒,禮盒,禮盒,gift_box,L10009,12,,,,,是,PK0008,大底板-鐵盒-禮盒,1,個,,,,,
鐵盒禮盒,浪漫詩篇禮盒,禮盒,禮盒,gift_box,L10009,13,,,,,是,PK0012,隔板-鐵盒-禮盒,1,個,,,,,
鐵盒禮盒,浪漫詩篇禮盒,禮盒,禮盒,gift_box,L10009,14,,,,,是,PK0013,提袋-鐵盒-禮盒,1,個,,,,,
鐵盒禮盒,浪漫詩篇禮盒,禮盒,禮盒,gift_box,L10009,15,,,,,是,PK0019,封套鐵盒-禮盒,1,個,,,,,
鐵盒禮盒,戀戀雪花禮盒,禮盒,禮盒,gift_box,L10010,1,A1,豆塔-蔓越莓,5,個,是,,,,,,,,,
鐵盒禮盒,戀戀雪花禮盒,禮盒,禮盒,gift_box,L10010,2,H1,雪花餅-蔓越莓,3,個,是,,,,,,,,,
鐵盒禮盒,戀戀雪花禮盒,禮盒,禮盒,gift_box,L10010,3,H2,雪花餅-巧克力,3,個,是,,,,,,,,,
鐵盒禮盒,戀戀雪花禮盒,禮盒,禮盒,gift_box,L10010,4,C1001,瓦片-原味-單片,2,片,是,,,,,,,,,
鐵盒禮盒,戀戀雪花禮盒,禮盒,禮盒,gift_box,L10010,5,C2001,瓦片-紅茶-單片,2,片,是,,,,,,,,,
鐵盒禮盒,戀戀雪花禮盒,禮盒,禮盒,gift_box,L10010,6,Q1001,奶油-焦糖牛奶-單片,2,片,是,,,,,,,,,
鐵盒禮盒,戀戀雪花禮盒,禮盒,禮盒,gift_box,L10010,7,Q2001,奶油-法國巧克力-單片,2,片,是,,,,,,,,,
鐵盒禮盒,戀戀雪花禮盒,禮盒,禮盒,gift_box,L10010,8,G1001,西點-巧克力貝殼-單片,2,片,是,,,,,,,,,
鐵盒禮盒,戀戀雪花禮盒,禮盒,禮盒,gift_box,L10010,9,G2001,西點-咖啡小花-單片,2,片,是,,,,,,,,,
鐵盒禮盒,戀戀雪花禮盒,禮盒,禮盒,gift_box,L10010,10,,,,,是,PK0004,鐵盒-禮盒,1,個,,,,,
鐵盒禮盒,戀戀雪花禮盒,禮盒,禮盒,gift_box,L10010,11,,,,,是,PK0008,大底板-鐵盒-禮盒,1,個,,,,,
鐵盒禮盒,戀戀雪花禮盒,禮盒,禮盒,gift_box,L10010,12,,,,,是,PK0012,隔板-鐵盒-禮盒,1,個,,,,,
鐵盒禮盒,戀戀雪花禮盒,禮盒,禮盒,gift_box,L10010,13,,,,,是,PK0013,提袋-鐵盒-禮盒,1,個,,,,,
鐵盒禮盒,戀戀雪花禮盒,禮盒,禮盒,gift_box,L10010,14,,,,,是,PK0019,封套鐵盒-禮盒,1,個,,,,,
鐵盒禮盒,午後漫步禮盒,禮盒,禮盒,gift_box,L10011,1,A1,豆塔-蔓越莓,5,個,是,,,,,,,,,
鐵盒禮盒,午後漫步禮盒,禮盒,禮盒,gift_box,L10011,2,M1,瑪德蓮-蜂蜜,3,個,是,,,,,,,,,
鐵盒禮盒,午後漫步禮盒,禮盒,禮盒,gift_box,L10011,3,M2,瑪德蓮-巧克力,1,個,是,,,,,,,,,
鐵盒禮盒,午後漫步禮盒,禮盒,禮盒,gift_box,L10011,4,M3,瑪德蓮-紅茶,1,個,是,,,,,,,,,
鐵盒禮盒,午後漫步禮盒,禮盒,禮盒,gift_box,L10011,5,K4001,咖啡-黃金曼巴-單包,2,包,是,,,,,,,,,
鐵盒禮盒,午後漫步禮盒,禮盒,禮盒,gift_box,L10011,6,K3001,咖啡-阿拉比卡-單包,2,包,是,,,,,,,,,
鐵盒禮盒,午後漫步禮盒,禮盒,禮盒,gift_box,L10011,7,K1001,咖啡-巴西席拉朵日曬-單包,2,包,是,,,,,,,,,
鐵盒禮盒,午後漫步禮盒,禮盒,禮盒,gift_box,L10011,8,,,,,是,PK0004,鐵盒-禮盒,1,個,,,,,
鐵盒禮盒,午後漫步禮盒,禮盒,禮盒,gift_box,L10011,9,,,,,是,PK0008,大底板-鐵盒-禮盒,1,個,,,,,
鐵盒禮盒,午後漫步禮盒,禮盒,禮盒,gift_box,L10011,10,,,,,是,PK0012,隔板-鐵盒-禮盒,1,個,,,,,
鐵盒禮盒,午後漫步禮盒,禮盒,禮盒,gift_box,L10011,11,,,,,是,PK0013,提袋-鐵盒-禮盒,1,個,,,,,
鐵盒禮盒,午後漫步禮盒,禮盒,禮盒,gift_box,L10011,12,,,,,是,PK0019,封套鐵盒-禮盒,1,個,,,,,
鐵盒禮盒,那年花開禮盒,禮盒,禮盒,gift_box,L10012,1,A1,豆塔-蔓越莓,5,個,是,,,,,,,,,
鐵盒禮盒,那年花開禮盒,禮盒,禮盒,gift_box,L10012,2,H1,雪花餅-蔓越莓,2,個,是,,,,,,,,,
鐵盒禮盒,那年花開禮盒,禮盒,禮盒,gift_box,L10012,3,H2,雪花餅-巧克力,2,個,是,,,,,,,,,
鐵盒禮盒,那年花開禮盒,禮盒,禮盒,gift_box,L10012,4,H3,雪花餅-金沙,2,個,是,,,,,,,,,
鐵盒禮盒,那年花開禮盒,禮盒,禮盒,gift_box,L10012,5,P1,土鳳梨酥(紅點),3,個,是,,,,,,,,,
鐵盒禮盒,那年花開禮盒,禮盒,禮盒,gift_box,L10012,6,P2,鳳凰酥,3,個,是,,,,,,,,,
鐵盒禮盒,那年花開禮盒,禮盒,禮盒,gift_box,L10012,7,,,,,是,PK0004,鐵盒-禮盒,1,個,,,,,
鐵盒禮盒,那年花開禮盒,禮盒,禮盒,gift_box,L10012,8,,,,,是,PK0008,大底板-鐵盒-禮盒,1,個,,,,,
鐵盒禮盒,那年花開禮盒,禮盒,禮盒,gift_box,L10012,9,,,,,是,PK0012,隔板-鐵盒-禮盒,1,個,,,,,
鐵盒禮盒,那年花開禮盒,禮盒,禮盒,gift_box,L10012,10,,,,,是,PK0013,提袋-鐵盒-禮盒,1,個,,,,,
鐵盒禮盒,那年花開禮盒,禮盒,禮盒,gift_box,L10012,11,,,,,是,PK0019,封套鐵盒-禮盒,1,個,,,,,
鐵盒禮盒,花間逸韻禮盒,禮盒,禮盒,gift_box,L10013,1,M1,瑪德蓮-蜂蜜,3,個,是,,,,,,,,,
鐵盒禮盒,花間逸韻禮盒,禮盒,禮盒,gift_box,L10013,2,M2,瑪德蓮-巧克力,1,個,是,,,,,,,,,
鐵盒禮盒,花間逸韻禮盒,禮盒,禮盒,gift_box,L10013,3,M3,瑪德蓮-紅茶,1,個,是,,,,,,,,,
鐵盒禮盒,花間逸韻禮盒,禮盒,禮盒,gift_box,L10013,4,H1,雪花餅-蔓越莓,3,個,是,,,,,,,,,
鐵盒禮盒,花間逸韻禮盒,禮盒,禮盒,gift_box,L10013,5,H2,雪花餅-巧克力,3,個,是,,,,,,,,,
鐵盒禮盒,花間逸韻禮盒,禮盒,禮盒,gift_box,L10013,6,C1001,瓦片-原味-單片,2,片,是,,,,,,,,,
鐵盒禮盒,花間逸韻禮盒,禮盒,禮盒,gift_box,L10013,7,C2001,瓦片-紅茶-單片,2,片,是,,,,,,,,,
鐵盒禮盒,花間逸韻禮盒,禮盒,禮盒,gift_box,L10013,8,Q1001,奶油-焦糖牛奶-單片,2,片,是,,,,,,,,,
鐵盒禮盒,花間逸韻禮盒,禮盒,禮盒,gift_box,L10013,9,Q2001,奶油-法國巧克力-單片,2,片,是,,,,,,,,,
鐵盒禮盒,花間逸韻禮盒,禮盒,禮盒,gift_box,L10013,10,G1001,西點-巧克力貝殼-單片,2,片,是,,,,,,,,,
鐵盒禮盒,花間逸韻禮盒,禮盒,禮盒,gift_box,L10013,11,G2001,西點-咖啡小花-單片,2,片,是,,,,,,,,,
鐵盒禮盒,花間逸韻禮盒,禮盒,禮盒,gift_box,L10013,12,,,,,是,PK0004,鐵盒-禮盒,1,個,,,,,
鐵盒禮盒,花間逸韻禮盒,禮盒,禮盒,gift_box,L10013,13,,,,,是,PK0008,大底板-鐵盒-禮盒,1,個,,,,,
鐵盒禮盒,花間逸韻禮盒,禮盒,禮盒,gift_box,L10013,14,,,,,是,PK0012,隔板-鐵盒-禮盒,1,個,,,,,
鐵盒禮盒,花間逸韻禮盒,禮盒,禮盒,gift_box,L10013,15,,,,,是,PK0013,提袋-鐵盒-禮盒,1,個,,,,,
鐵盒禮盒,花間逸韻禮盒,禮盒,禮盒,gift_box,L10013,16,,,,,是,PK0019,封套鐵盒-禮盒,1,個,,,,,
紙盒禮盒,輕-香榭漫遊禮盒,禮盒,禮盒,gift_box,L20001,1,C1001,瓦片-原味-單片,4,片,是,,,,,,,,,
紙盒禮盒,輕-香榭漫遊禮盒,禮盒,禮盒,gift_box,L20001,2,C2001,瓦片-紅茶-單片,4,片,是,,,,,,,,,
紙盒禮盒,輕-香榭漫遊禮盒,禮盒,禮盒,gift_box,L20001,3,C3001,瓦片-巧克力-單片,4,片,是,,,,,,,,,
紙盒禮盒,輕-香榭漫遊禮盒,禮盒,禮盒,gift_box,L20001,4,Q1001,奶油-焦糖牛奶-單片,3,片,是,,,,,,,,,
紙盒禮盒,輕-香榭漫遊禮盒,禮盒,禮盒,gift_box,L20001,5,Q2001,奶油-法國巧克力-單片,3,片,是,,,,,,,,,
紙盒禮盒,輕-香榭漫遊禮盒,禮盒,禮盒,gift_box,L20001,6,Q3001,奶油-蜂蜜檸檬-單片,3,片,是,,,,,,,,,
紙盒禮盒,輕-香榭漫遊禮盒,禮盒,禮盒,gift_box,L20001,7,G1001,西點-巧克力貝殼-單片,3,片,是,,,,,,,,,
紙盒禮盒,輕-香榭漫遊禮盒,禮盒,禮盒,gift_box,L20001,8,G2001,西點-咖啡小花-單片,3,片,是,,,,,,,,,
紙盒禮盒,輕-香榭漫遊禮盒,禮盒,禮盒,gift_box,L20001,9,G3001,西點-藍莓小花-單片,3,片,是,,,,,,,,,
紙盒禮盒,輕-香榭漫遊禮盒,禮盒,禮盒,gift_box,L20001,10,,,,,是,PK0001,紙盒-禮盒,1,個,,,,,
紙盒禮盒,輕-香榭漫遊禮盒,禮盒,禮盒,gift_box,L20001,11,,,,,是,PK0007,大底板-紙盒-禮盒,1,個,,,,,
紙盒禮盒,輕-香榭漫遊禮盒,禮盒,禮盒,gift_box,L20001,12,,,,,是,PK0011,隔板-紙盒-禮盒,1,個,,,,,
紙盒禮盒,輕-晨曦物語禮盒,禮盒,禮盒,gift_box,L20002,1,A1,豆塔-蔓越莓,3,個,是,,,,,,,,,
紙盒禮盒,輕-晨曦物語禮盒,禮盒,禮盒,gift_box,L20002,2,H1,雪花餅-蔓越莓,3,個,是,,,,,,,,,
紙盒禮盒,輕-晨曦物語禮盒,禮盒,禮盒,gift_box,L20002,3,H2,雪花餅-巧克力,3,個,是,,,,,,,,,
紙盒禮盒,輕-晨曦物語禮盒,禮盒,禮盒,gift_box,L20002,4,C1001,瓦片-原味-單片,4,片,是,,,,,,,,,
紙盒禮盒,輕-晨曦物語禮盒,禮盒,禮盒,gift_box,L20002,5,C2001,瓦片-紅茶-單片,4,片,是,,,,,,,,,
紙盒禮盒,輕-晨曦物語禮盒,禮盒,禮盒,gift_box,L20002,6,C3001,瓦片-巧克力-單片,4,片,是,,,,,,,,,
紙盒禮盒,輕-晨曦物語禮盒,禮盒,禮盒,gift_box,L20002,7,,,,,是,PK0001,紙盒-禮盒,1,個,,,,,
紙盒禮盒,輕-晨曦物語禮盒,禮盒,禮盒,gift_box,L20002,8,,,,,是,PK0007,大底板-紙盒-禮盒,1,個,,,,,
紙盒禮盒,輕-晨曦物語禮盒,禮盒,禮盒,gift_box,L20002,9,,,,,是,PK0011,隔板-紙盒-禮盒,1,個,,,,,
紙盒禮盒,輕-金緻典藏禮盒,禮盒,禮盒,gift_box,L20003,1,A1,豆塔-蔓越莓,3,個,是,,,,,,,,,
紙盒禮盒,輕-金緻典藏禮盒,禮盒,禮盒,gift_box,L20003,2,B1,堅果塔-蜂蜜,3,個,是,,,,,,,,,
紙盒禮盒,輕-金緻典藏禮盒,禮盒,禮盒,gift_box,L20003,3,B4,堅果塔-海苔,3,個,是,,,,,,,,,
紙盒禮盒,輕-金緻典藏禮盒,禮盒,禮盒,gift_box,L20003,4,,,,,是,PK0001,紙盒-禮盒,1,個,,,,,
紙盒禮盒,輕-金緻典藏禮盒,禮盒,禮盒,gift_box,L20003,5,,,,,是,PK0007,大底板-紙盒-禮盒,1,個,,,,,
紙盒禮盒,輕-金緻典藏禮盒,禮盒,禮盒,gift_box,L20003,6,,,,,是,PK0011,隔板-紙盒-禮盒,1,個,,,,,
紙盒禮盒,輕-月光序曲禮盒,禮盒,禮盒,gift_box,L20004,1,A1,豆塔-蔓越莓,3,個,是,,,,,,,,,
紙盒禮盒,輕-月光序曲禮盒,禮盒,禮盒,gift_box,L20004,2,P1,土鳳梨酥(紅點),3,個,是,,,,,,,,,
紙盒禮盒,輕-月光序曲禮盒,禮盒,禮盒,gift_box,L20004,3,P2,鳳凰酥,3,個,是,,,,,,,,,
紙盒禮盒,輕-月光序曲禮盒,禮盒,禮盒,gift_box,L20004,4,,,,,是,PK0001,紙盒-禮盒,1,個,,,,,
紙盒禮盒,輕-月光序曲禮盒,禮盒,禮盒,gift_box,L20004,5,,,,,是,PK0007,大底板-紙盒-禮盒,1,個,,,,,
紙盒禮盒,輕-月光序曲禮盒,禮盒,禮盒,gift_box,L20004,6,,,,,是,PK0011,隔板-紙盒-禮盒,1,個,,,,,
濾掛咖啡,咖啡 - 綜合,40包盒裝,組合／綜合,bundle,K00040,1,K4001,咖啡-黃金曼巴-單包,10,包,是,,,,,,,,,
濾掛咖啡,咖啡 - 綜合,40包盒裝,組合／綜合,bundle,K00040,2,K2001,咖啡-日式藍山-單包,10,包,是,,,,,,,,,
濾掛咖啡,咖啡 - 綜合,40包盒裝,組合／綜合,bundle,K00040,3,K3001,咖啡-阿拉比卡-單包,10,包,是,,,,,,,,,
濾掛咖啡,咖啡 - 綜合,40包盒裝,組合／綜合,bundle,K00040,4,K1001,咖啡-巴西席拉朵日曬-單包,10,包,是,,,,,,,,,
濾掛咖啡,咖啡 - 綜合,40包盒裝,組合／綜合,bundle,K00040,5,,,,,是,PK0002,紙盒-咖啡40,1,個,,,,,
濾掛咖啡,咖啡 - 綜合,40包盒裝,組合／綜合,bundle,K00040,6,,,,,是,PK0005,大底板-紙盒-咖啡40,1,個,,,,,
濾掛咖啡,咖啡 - 綜合,40包盒裝,組合／綜合,bundle,K00040,7,,,,,是,PK0009,隔板-紙盒-咖啡40,1,個,,,,,
濾掛咖啡,咖啡 - 綜合,60包盒裝,組合／綜合,bundle,K00060,1,K4001,咖啡-黃金曼巴-單包,15,包,是,,,,,,,,,
濾掛咖啡,咖啡 - 綜合,60包盒裝,組合／綜合,bundle,K00060,2,K2001,咖啡-日式藍山-單包,15,包,是,,,,,,,,,
濾掛咖啡,咖啡 - 綜合,60包盒裝,組合／綜合,bundle,K00060,3,K3001,咖啡-阿拉比卡-單包,15,包,是,,,,,,,,,
濾掛咖啡,咖啡 - 綜合,60包盒裝,組合／綜合,bundle,K00060,4,K1001,咖啡-巴西席拉朵日曬-單包,15,包,是,,,,,,,,,
濾掛咖啡,咖啡 - 綜合,60包盒裝,組合／綜合,bundle,K00060,5,,,,,,PK0003,紙盒-咖啡60,1,個,,,,,
濾掛咖啡,咖啡 - 綜合,60包盒裝,組合／綜合,bundle,K00060,6,,,,,,PK0006,大底板-紙盒-咖啡60,1,個,,,,,
濾掛咖啡,咖啡 - 綜合,60包盒裝,組合／綜合,bundle,K00060,7,,,,,,PK0010,隔板-紙盒-咖啡60,1,個,,,,,
濾掛咖啡,咖啡-黃金曼巴,40包盒裝,否,bundle,K40040,1,K4001,咖啡-黃金曼巴-單包,40,包,是,,,,,,,,,
濾掛咖啡,咖啡-黃金曼巴,40包盒裝,否,bundle,K40040,2,,,,,,PK0002,紙盒-咖啡40,1,個,,,,,
濾掛咖啡,咖啡-黃金曼巴,40包盒裝,否,bundle,K40040,3,,,,,,PK0005,大底板-紙盒-咖啡40,1,個,,,,,
濾掛咖啡,咖啡-黃金曼巴,40包盒裝,否,bundle,K40040,4,,,,,,PK0009,隔板-紙盒-咖啡40,1,個,,,,,
濾掛咖啡,咖啡-黃金曼巴,60包盒裝,否,bundle,K40060,1,K4001,咖啡-黃金曼巴-單包,60,包,是,,,,,,,,,
濾掛咖啡,咖啡-黃金曼巴,60包盒裝,否,bundle,K40060,2,,,,,,PK0003,紙盒-咖啡60,1,個,,,,,
濾掛咖啡,咖啡-黃金曼巴,60包盒裝,否,bundle,K40060,3,,,,,,PK0006,大底板-紙盒-咖啡60,1,個,,,,,
濾掛咖啡,咖啡-黃金曼巴,60包盒裝,否,bundle,K40060,4,,,,,,PK0010,隔板-紙盒-咖啡60,1,個,,,,,
濾掛咖啡,咖啡-黃金曼巴,單包,否,no_inner_stage,K40001,1,K4001,咖啡-黃金曼巴-單包,1,包,否,,,,,,,,,
濾掛咖啡,咖啡-日式藍山,40包盒裝,否,bundle,K20040,1,K2001,咖啡-日式藍山-單包,40,包,是,,,1,個,,,,,
濾掛咖啡,咖啡-日式藍山,40包盒裝,否,bundle,K20040,2,,,,,,PK0002,紙盒-咖啡40,1,個,,,,,
濾掛咖啡,咖啡-日式藍山,40包盒裝,否,bundle,K20040,3,,,,,,PK0005,大底板-紙盒-咖啡40,1,個,,,,,
濾掛咖啡,咖啡-日式藍山,40包盒裝,否,bundle,K20040,4,,,,,,PK0009,隔板-紙盒-咖啡40,1,個,,,,,
濾掛咖啡,咖啡-日式藍山,60包盒裝,否,bundle,K20060,1,K2001,咖啡-日式藍山-單包,60,包,是,,,,,,,,,
濾掛咖啡,咖啡-日式藍山,60包盒裝,否,bundle,K20060,2,,,,,,PK0003,紙盒-咖啡60,1,個,,,,,
濾掛咖啡,咖啡-日式藍山,60包盒裝,否,bundle,K20060,3,,,,,,PK0006,大底板-紙盒-咖啡60,1,個,,,,,
濾掛咖啡,咖啡-日式藍山,60包盒裝,否,bundle,K20060,4,,,,,,PK0010,隔板-紙盒-咖啡60,1,個,,,,,
濾掛咖啡,咖啡-日式藍山,單包,否,no_inner_stage,K20001,1,K2001,咖啡-日式藍山-單包,1,包,否,,,,,,,,,
濾掛咖啡,咖啡-阿拉比卡,40包盒裝,否,bundle,K30040,1,K3001,咖啡-阿拉比卡-單包,40,包,是,,,,,,,,,
濾掛咖啡,咖啡-阿拉比卡,40包盒裝,否,bundle,K30040,2,,,,,,PK0002,紙盒-咖啡40,1,個,,,,,
濾掛咖啡,咖啡-阿拉比卡,40包盒裝,否,bundle,K30040,3,,,,,,PK0005,大底板-紙盒-咖啡40,1,個,,,,,
濾掛咖啡,咖啡-阿拉比卡,40包盒裝,否,bundle,K30040,4,,,,,,PK0009,隔板-紙盒-咖啡40,1,個,,,,,
濾掛咖啡,咖啡-阿拉比卡,60包盒裝,否,bundle,K30060,1,K3001,咖啡-阿拉比卡-單包,60,包,是,,,,,,,,,
濾掛咖啡,咖啡-阿拉比卡,60包盒裝,否,bundle,K30060,2,,,,,,PK0003,紙盒-咖啡60,1,個,,,,,
濾掛咖啡,咖啡-阿拉比卡,60包盒裝,否,bundle,K30060,3,,,,,,PK0006,大底板-紙盒-咖啡60,1,個,,,,,
濾掛咖啡,咖啡-阿拉比卡,60包盒裝,否,bundle,K30060,4,,,,,,PK0010,隔板-紙盒-咖啡60,1,個,,,,,
濾掛咖啡,咖啡-阿拉比卡,單包,否,no_inner_stage,K30001,1,K3001,咖啡-阿拉比卡-單包,1,包,否,,,,,,,,,
濾掛咖啡,咖啡-巴西席拉朵日曬,40包盒裝,否,bundle,K10040,1,K1001,咖啡-巴西席拉朵日曬-單包,40,包,是,,,,,,,,,
濾掛咖啡,咖啡-巴西席拉朵日曬,40包盒裝,否,bundle,K10040,2,,,,,,PK0002,紙盒-咖啡40,1,個,,,,,
濾掛咖啡,咖啡-巴西席拉朵日曬,40包盒裝,否,bundle,K10040,3,,,,,,PK0005,大底板-紙盒-咖啡40,1,個,,,,,
濾掛咖啡,咖啡-巴西席拉朵日曬,40包盒裝,否,bundle,K10040,4,,,,,,PK0009,隔板-紙盒-咖啡40,1,個,,,,,
濾掛咖啡,咖啡-巴西席拉朵日曬,60包盒裝,否,bundle,K10060,1,K1001,咖啡-巴西席拉朵日曬-單包,60,包,是,,,,,,,,,
濾掛咖啡,咖啡-巴西席拉朵日曬,60包盒裝,否,bundle,K10060,2,,,,,,PK0003,紙盒-咖啡60,1,個,,,,,
濾掛咖啡,咖啡-巴西席拉朵日曬,60包盒裝,否,bundle,K10060,3,,,,,,PK0006,大底板-紙盒-咖啡60,1,個,,,,,
濾掛咖啡,咖啡-巴西席拉朵日曬,60包盒裝,否,bundle,K10060,4,,,,,,PK0010,隔板-紙盒-咖啡60,1,個,,,,,
濾掛咖啡,咖啡-巴西席拉朵日曬,單包,否,no_inner_stage,K10001,1,K1001,咖啡-巴西席拉朵日曬-單包,1,包,否,,,,,,,,,
